<?xml version="1.0" encoding="UTF-8"?>
<!DOCTYPE AttributeServer>
<Profile Version="1.3">
    <SetupId>0</SetupId>
    <Device>nRF8001_Dx</Device>
    <Service Type="local" PrimaryService="true">
        <Name>UART over BTLE</Name>
        <Uuid BaseUUID="713D0000503E4C75BA943148F18D941E" BaseUUIDName="Custom UART">0000</Uuid>
        <Characteristic>
            <Name>UART RX</Name>
            <Uuid BaseUUID="713D0000503E4C75BA943148F18D941E" BaseUUIDName="Custom UART">0003</Uuid>
            <DefaultValue></DefaultValue>
            <UsePresentationFormat>0</UsePresentationFormat>
            <MaxDataLength>20</MaxDataLength>
            <AttributeLenType>2</AttributeLenType>
            <ForceOpen>false</ForceOpen>
            <ForceEncryption>false</ForceEncryption>
            <Properties>
                <WriteWithoutResponse>true</WriteWithoutResponse>
                <Write>false</Write>
                <Notify>false</Notify>
                <Indicate>false</Indicate>
                <Broadcast>false</Broadcast>
            </Properties>
            <SetPipe>false</SetPipe>
            <AckIsAuto>false</AckIsAuto>
            <PresentationFormatDescriptor Value="0000" Exponent="0" Format="1" NameSpace="01" Unit="0000"/>
            <PeriodForReadingThisCharacteristic>0</PeriodForReadingThisCharacteristic>
            <PeriodForProperties/>
        </Characteristic>
        <Characteristic>
            <Name>UART TX</Name>
            <Uuid BaseUUID="713D0000503E4C75BA943148F18D941E" BaseUUIDName="Custom UART">0002</Uuid>
            <DefaultValue></DefaultValue>
            <UsePresentationFormat>0</UsePresentationFormat>
            <MaxDataLength>20</MaxDataLength>
            <AttributeLenType>2</AttributeLenType>
            <ForceOpen>false</ForceOpen>
            <ForceEncryption>false</ForceEncryption>
            <Properties>
                <WriteWithoutResponse>false</WriteWithoutResponse>
                <Write>false</Write>
                <Notify>true</Notify>
                <Indicate>false</Indicate>
                <Broadcast>false</Broadcast>
            </Properties>
            <SetPipe>false</SetPipe>
            <AckIsAuto>false</AckIsAuto>
            <PresentationFormatDescriptor Value="0000" Exponent="0" Format="1" NameSpace="01" Unit="0000"/>
            <PeriodForReadingThisCharacteristic>0</PeriodForReadingThisCharacteristic>
            <PeriodForProperties/>
        </Characteristic>
    </Service>
    <Service Type="local" PrimaryService="true">
        <Name>MIT App Inventor</Name>
        <Uuid BaseUUID="E95D0000251D470AA062FA1922DFA9A7" BaseUUIDName="MIT App Inventor">0000</Uuid>
        <Characteristic>
            <Name>MIT App Inventor Version</Name>
            <Uuid BaseUUID="E95D0000251D470AA062FA1922DFA9A7" BaseUUIDName="MIT App Inventor">ffff</Uuid>
            <DefaultValue>02</DefaultValue>
            <UsePresentationFormat>0</UsePresentationFormat>
            <MaxDataLength>1</MaxDataLength>
            <AttributeLenType>1</AttributeLenType>
            <ForceOpen>false</ForceOpen>
            <ForceEncryption>false</ForceEncryption>
            <Properties>
                <WriteWithoutResponse>false</WriteWithoutResponse>
                <Write>false</Write>
                <Notify>false</Notify>
                <Indicate>false</Indicate>
                <Broadcast>false</Broadcast>
            </Properties>
            <SetPipe>false</SetPipe>
            <AckIsAuto>false</AckIsAuto>
            <PresentationFormatDescriptor Value="0000" Exponent="0" Format="1" NameSpace="01" Unit="0000"/>
            <PeriodForReadingThisCharacteristic>0</PeriodForReadingThisCharacteristic>
            <PeriodForProperties/>
        </Characteristic>
    </Service>
    <Service Type="local" PrimaryService="true">
        <Name>Device Information</Name>
        <Uuid>180a</Uuid>
        <Characteristic>
            <Name>Hardware Revision String</Name>
            <Uuid>2a27</Uuid>
            <DefaultValue>0A</DefaultValue>
            <UsePresentationFormat>0</UsePresentationFormat>
            <MaxDataLength>9</MaxDataLength>
            <AttributeLenType>2</AttributeLenType>
            <ForceOpen>false</ForceOpen>
            <ForceEncryption>false</ForceEncryption>
            <Properties>
                <WriteWithoutResponse>false</WriteWithoutResponse>
                <Write>false</Write>
                <Notify>false</Notify>
                <Indicate>false</Indicate>
                <Broadcast>false</Broadcast>
            </Properties>
            <SetPipe>true</SetPipe>
            <AckIsAuto>false</AckIsAuto>
            <PresentationFormatDescriptor Value="0000" Exponent="0" Format="25" NameSpace="01" Unit="0000"/>
            <PeriodForReadingThisCharacteristic>0</PeriodForReadingThisCharacteristic>
            <PeriodForProperties/>
        </Characteristic>
    </Service>
    <Gapsettings>
        <Name>AppInv01</Name>
        <DeviceNameWriteLength>8</DeviceNameWriteLength>
        <LocalPipeOnDeviceName>true</LocalPipeOnDeviceName>
        <DeviceNameShortLength>8</DeviceNameShortLength>
        <Apperance>0080</Apperance>
        <SecurityLevel>0</SecurityLevel>
        <AuthenticationReq>0</AuthenticationReq>
        <IoCapabilities>0</IoCapabilities>
        <BondTimeout>600</BondTimeout>
        <SecurityRequestDelay>0</SecurityRequestDelay>
        <MinimumKeySize>7</MinimumKeySize>
        <MaximumKeySize>16</MaximumKeySize>
        <AdvertisingDataBondedBitmap>10</AdvertisingDataBondedBitmap>
        <AdvertisingDataGeneralBitmap>1a</AdvertisingDataGeneralBitmap>
        <AdvertisingDataBrodcastBitmap>0</AdvertisingDataBrodcastBitmap>
        <AdvertisingDataBondedScanResponseBitmap>0</AdvertisingDataBondedScanResponseBitmap>
        <AdvertisingDataGeneralScanResponseBitmap>0</AdvertisingDataGeneralScanResponseBitmap>
        <AdvertisingDataBrodcastScanResponseBitmap>0</AdvertisingDataBrodcastScanResponseBitmap>
        <AdvertisingDataBondedBitmapCustom>0</AdvertisingDataBondedBitmapCustom>
        <AdvertisingDataGeneralBitmapCustom>0</AdvertisingDataGeneralBitmapCustom>
        <AdvertisingDataBrodcastBitmapCustom>0</AdvertisingDataBrodcastBitmapCustom>
        <AdvertisingDataBondedScanResponseBitmapCustom>0</AdvertisingDataBondedScanResponseBitmapCustom>
        <AdvertisingDataGeneralScanResponseBitmapCustom>0</AdvertisingDataGeneralScanResponseBitmapCustom>
        <AdvertisingDataBrodcastScanResponseBitmapCustom>0</AdvertisingDataBrodcastScanResponseBitmapCustom>
        <TxPowerLevelOffset>0</TxPowerLevelOffset>
        <MinimumConnectionInterval>6</MinimumConnectionInterval>
        <MaximumConnectionInterval>18</MaximumConnectionInterval>
        <SlaveLatency>0</SlaveLatency>
        <TimeoutMultipler>10</TimeoutMultipler>
        <AddServiceUpdateCharacteristic>false</AddServiceUpdateCharacteristic>
        <AddServiceUpdateCharacteristicPipe>false</AddServiceUpdateCharacteristicPipe>
        <TimingChangeDelay>4</TimingChangeDelay>
        <ServiceToAdvertise>
            <Uuid BaseUUID="E95D0000251D470AA062FA1922DFA9A7" BaseUUIDName="MIT App Inventor">0000</Uuid>
        </ServiceToAdvertise>
        <CustomAdTypes>
            <AdType index="1">
                <Type>19</Type>
                <Value>0000</Value>
            </AdType>
            <AdType index="2">
                <Type>18</Type>
                <Value></Value>
            </AdType>
        </CustomAdTypes>
    </Gapsettings>
    <Hardwaresettings>
        <Clocksource>1</Clocksource>
        <ClockAccuracy>1</ClockAccuracy>
        <InitialTxPower>3</InitialTxPower>
        <HfClkSource>0</HfClkSource>
        <DcDcConverter>0</DcDcConverter>
        <ActiveSignalModeIndex>0</ActiveSignalModeIndex>
        <ActiveSignalToTickDistance>0</ActiveSignalToTickDistance>
        <DynamicWindowLimitingEnabled>false</DynamicWindowLimitingEnabled>
    </Hardwaresettings>
    <CurrentInput>
        <BatteryCharge>220</BatteryCharge>
        <Master32KhzClockAccuracy>10</Master32KhzClockAccuracy>
        <ConnectionInterval>1000</ConnectionInterval>
        <PercentOfTimeSleeping>10</PercentOfTimeSleeping>
        <PercentOfTimeAdvertising>10</PercentOfTimeAdvertising>
        <AdvertisingInterval>1280</AdvertisingInterval>
    </CurrentInput>
</Profile>
